model,rmse,r2
LinearRegression,0.25462057931679993,0.600105452744901
RandomForest,0.2015943300980329,0.7493226441576444
GradientBoosting,0.18849993943597157,0.7808301004723418
